product_id,category,brand,cost
1,Home,Samsung,271.92
2,Fashion,Adidas,24.12
3,Electronics,Ikea,199.06
4,Fashion,Ikea,50.16
5,Home,Ikea,173.39
6,Fashion,Nike,80.59
7,Electronics,Nike,35.61
8,Fashion,Adidas,129.3
9,Home,Adidas,290.47
10,electronics,Apple,60.67
11,electronics,Nike,127.21
12,Home,Nike,130.25
13,Home,Adidas,118.06
14,electronics,Ikea,151.92
15,Sports,Nike,183.51
16,ELECTRONICS,Ikea,105.15
17,Electronics,Ikea,215.21
18,Fashion,Samsung,285.03
19,Home,Adidas,92.75
20,Home,Apple,46.77
